hgvs_pro,binary_clinvar_class
p.A129S,B
p.A138P,P
p.A276D,P
p.A276G,P
p.A347D,P
p.A74V,B
p.A84T,B
p.C135G,P
p.C141Y,P
p.C176F,P
p.C176Y,P
p.C238F,P
p.C238R,P
p.C238S,P
p.C238W,P
p.C238Y,P
p.C242R,P
p.C242Y,P
p.C275R,P
p.C275W,P
p.C275Y,P
p.D281G,P
p.D281N,P
p.D281V,P
p.D281Y,P
p.D48E,B
p.D49N,B
p.D7E,B
p.E180K,P
p.E258K,P
p.E285K,P
p.E285V,P
p.E286K,P
p.E298K,B
p.E388A,B
p.F109V,P
p.F134C,P
p.F134L,P
p.F270S,P
p.F54L,B
p.G105S,P
p.G199V,P
p.G244D,P
p.G244S,P
p.G245A,P
p.G245C,P
p.G245D,P
p.G245S,P
p.G245V,P
p.G279E,P
p.G293W,B
p.G334W,P
p.G360A,B
p.G374R,B
p.H178D,P
p.H179P,P
p.H179Q,P
p.H179Y,P
p.H193P,P
p.H193Q,P
p.H193R,P
p.H193Y,P
p.H214R,P
p.H296Y,B
p.H365Y,B
p.I195T,P
p.I232T,P
p.I251L,P
p.I251S,P
p.I254N,P
p.K132N,P
p.L130P,P
p.L194F,P
p.L265P,P
p.L289F,B
p.M133T,P
p.M246K,P
p.M246L,P
p.M246R,P
p.M246V,P
p.N131I,P
p.N131Y,P
p.N235D,P
p.N235S,B
p.N239S,P
p.N263S,B
p.N29D,B
p.P151S,P
p.P151T,P
p.P152L,P
p.P152R,P
p.P177R,P
p.P47S,B
p.P82L,B
p.P89T,B
p.P8L,B
p.Q165K,B
p.R110H,B
p.R110L,P
p.R110P,P
p.R158G,P
p.R158H,P
p.R158L,P
p.R158P,P
p.R175G,P
p.R175H,P
p.R175L,P
p.R181H,P
p.R181P,P
p.R213P,P
p.R213Q,P
p.R248L,P
p.R248P,P
p.R248Q,P
p.R248W,P
p.R267W,P
p.R273C,P
p.R273G,P
p.R273H,P
p.R273L,P
p.R273P,P
p.R273S,P
p.R282G,P
p.R282P,P
p.R282W,P
p.R290H,B
p.R337C,P
p.R337H,P
p.R337L,P
p.R337P,P
p.R342P,P
p.R65G,B
p.S185N,B
p.S215I,P
p.S240R,P
p.S241C,P
p.S241F,P
p.S241Y,P
p.S366A,B
p.T125K,P
p.T125R,P
p.T312S,B
p.V10I,B
p.V157A,P
p.V172F,P
p.V173A,P
p.V173E,P
p.V173L,P
p.V173M,P
p.V218M,P
p.V73M,B
p.Y107H,B
p.Y163C,P
p.Y163D,P
p.Y205C,P
p.Y220C,P
p.Y220N,P
p.Y220S,P
p.Y234C,P
p.Y234H,P
p.Y234S,P